Filename;Filetype;Exif.Photo.ExposureTime;Exif.Photo.FocalLength;Exif.Photo.ISOSpeedRatings;Exif.Photo.FNumber;Exif.Photo.ExposureProgram;Exif.Photo.MeteringMode;Exif.Photo.Flash;Exif.Image.Orientation;Exif.Photo.DateTimeOriginal;Exif.Image.Make;Exif.Photo.ExposureBiasValue;Exif.Image.Model
IMG_0005.JPG;jpg;1/15;5000/1000;400;28/10;;5;89;1;2012:06:22 23:09:28;Canon;0/3;Canon IXUS 117 HS
IMG_0009.JPG;jpg;1/15;5000/1000;400;28/10;;5;89;1;2012:06:22 23:10:23;Canon;0/3;Canon IXUS 117 HS
IMG_0011.JPG;jpg;1/15;5000/1000;400;28/10;;5;89;1;2012:06:22 23:11:28;Canon;0/3;Canon IXUS 117 HS
IMG_0012.JPG;jpg;1/15;5000/1000;400;28/10;;5;89;1;2012:06:22 23:11:38;Canon;0/3;Canon IXUS 117 HS
IMG_0015.JPG;jpg;1/15;5000/1000;400;28/10;;5;89;1;2012:06:22 23:13:00;Canon;0/3;Canon IXUS 117 HS
IMG_0017.JPG;jpg;1/15;5000/1000;400;28/10;;5;89;1;2012:06:22 23:13:28;Canon;0/3;Canon IXUS 117 HS
IMG_0020.JPG;jpg;1/15;5000/1000;400;28/10;;5;89;1;2012:06:22 23:14:39;Canon;0/3;Canon IXUS 117 HS
IMG_0023.JPG;jpg;1/1250;5000/1000;200;28/10;;5;24;1;2012:06:23 10:42:54;Canon;0/3;Canon IXUS 117 HS
IMG_0024.JPG;jpg;1/250;5000/1000;160;80/10;;5;24;1;2012:06:23 10:43:10;Canon;0/3;Canon IXUS 117 HS
IMG_0025.JPG;jpg;1/250;5000/1000;160;80/10;;5;24;1;2012:06:23 10:44:05;Canon;0/3;Canon IXUS 117 HS
IMG_0026.JPG;jpg;1/320;5000/1000;160;80/10;;5;24;1;2012:06:23 10:45:46;Canon;0/3;Canon IXUS 117 HS
IMG_0027.JPG;jpg;1/1000;5000/1000;100;28/10;;5;24;1;2012:06:23 10:47:54;Canon;0/3;Canon IXUS 117 HS
IMG_0030.JPG;jpg;1/400;5000/1000;200;80/10;;5;24;1;2012:06:23 11:45:31;Canon;0/3;Canon IXUS 117 HS
IMG_0032.JPG;jpg;1/250;5000/1000;250;80/10;;5;24;8;2012:06:23 11:46:57;Canon;0/3;Canon IXUS 117 HS
IMG_0033.JPG;jpg;1/320;5000/1000;320;80/10;;5;24;8;2012:06:23 11:47:12;Canon;0/3;Canon IXUS 117 HS
IMG_0034.JPG;jpg;1/200;5000/1000;100;80/10;;5;24;1;2012:06:23 12:07:48;Canon;0/3;Canon IXUS 117 HS
IMG_0038.JPG;jpg;1/1000;5000/1000;200;28/10;;5;24;1;2012:06:23 12:09:33;Canon;0/3;Canon IXUS 117 HS
IMG_0039.JPG;jpg;1/80;5000/1000;250;80/10;;2;73;1;2012:06:23 12:10:06;Canon;0/3;Canon IXUS 117 HS
IMG_0040.JPG;jpg;1/640;5000/1000;200;28/10;;2;73;1;2012:06:23 12:10:20;Canon;0/3;Canon IXUS 117 HS
IMG_0041.JPG;jpg;1/200;5000/1000;100;80/10;;5;24;1;2012:06:23 12:10:46;Canon;0/3;Canon IXUS 117 HS
IMG_0042.JPG;jpg;1/200;5000/1000;200;80/10;;5;24;1;2012:06:23 12:11:55;Canon;0/3;Canon IXUS 117 HS
IMG_0043.JPG;jpg;1/200;5000/1000;250;80/10;;5;24;1;2012:06:23 12:13:41;Canon;0/3;Canon IXUS 117 HS
IMG_0045.JPG;jpg;1/400;5000/1000;400;28/10;;5;24;1;2012:06:23 12:14:55;Canon;0/3;Canon IXUS 117 HS
IMG_0046.JPG;jpg;1/400;5000/1000;320;28/10;;5;24;1;2012:06:23 12:15:18;Canon;0/3;Canon IXUS 117 HS
IMG_0047.JPG;jpg;1/400;5000/1000;400;28/10;;5;24;1;2012:06:23 12:15:35;Canon;0/3;Canon IXUS 117 HS
IMG_0048.JPG;jpg;1/320;5000/1000;320;28/10;;5;24;1;2012:06:23 12:16:01;Canon;0/3;Canon IXUS 117 HS
IMG_0050.JPG;jpg;1/320;5000/1000;250;28/10;;5;24;1;2012:06:23 12:16:49;Canon;0/3;Canon IXUS 117 HS
IMG_0051.JPG;jpg;1/320;5000/1000;320;28/10;;5;24;1;2012:06:23 12:17:06;Canon;0/3;Canon IXUS 117 HS
IMG_0052.JPG;jpg;1/320;5000/1000;320;28/10;;5;24;1;2012:06:23 12:18:22;Canon;0/3;Canon IXUS 117 HS
IMG_0053.JPG;jpg;1/500;5000/1000;400;28/10;;5;24;1;2012:06:23 12:18:56;Canon;0/3;Canon IXUS 117 HS
IMG_0054.JPG;jpg;1/250;5000/1000;250;28/10;;5;24;1;2012:06:23 12:19:29;Canon;0/3;Canon IXUS 117 HS
IMG_0055.JPG;jpg;1/250;5000/1000;200;28/10;;5;24;1;2012:06:23 12:21:12;Canon;0/3;Canon IXUS 117 HS
IMG_0056.JPG;jpg;1/250;5000/1000;200;28/10;;5;24;1;2012:06:23 12:21:51;Canon;0/3;Canon IXUS 117 HS
IMG_0058.JPG;jpg;1/40;5000/1000;800;28/10;;5;24;1;2012:06:23 12:58:22;Canon;0/3;Canon IXUS 117 HS
IMG_0059.JPG;jpg;1/250;5000/1000;400;28/10;;5;24;1;2012:06:23 18:04:39;Canon;0/3;Canon IXUS 117 HS
IMG_0060.JPG;jpg;1/100;8022/1000;400;35/10;;5;24;1;2012:06:23 18:05:13;Canon;0/3;Canon IXUS 117 HS
IMG_0067.JPG;jpg;1/160;5000/1000;400;28/10;;5;24;1;2012:06:23 20:03:35;Canon;0/3;Canon IXUS 117 HS
IMG_0068.JPG;jpg;1/60;5000/1000;500;28/10;;5;24;1;2012:06:23 20:20:37;Canon;0/3;Canon IXUS 117 HS
IMG_0069.JPG;jpg;1/15;5000/1000;400;28/10;;5;89;1;2012:06:24 21:03:15;Canon;0/3;Canon IXUS 117 HS
IMG_0070.JPG;jpg;1/15;5000/1000;400;28/10;;5;89;8;2012:06:24 21:03:39;Canon;0/3;Canon IXUS 117 HS
IMG_0071.JPG;jpg;1/15;5000/1000;400;28/10;;5;89;1;2012:06:24 21:04:00;Canon;0/3;Canon IXUS 117 HS
IMG_0072.JPG;jpg;1/60;5000/1000;800;28/10;;5;89;1;2012:06:24 21:04:19;Canon;0/3;Canon IXUS 117 HS
IMG_0073.JPG;jpg;1/250;5000/1000;160;80/10;;5;24;1;2012:06:25 10:21:03;Canon;0/3;Canon IXUS 117 HS
IMG_0074.JPG;jpg;1/250;5000/1000;200;80/10;;5;24;1;2012:06:25 10:21:30;Canon;0/3;Canon IXUS 117 HS
IMG_0075.JPG;jpg;1/1000;5000/1000;200;28/10;;5;24;1;2012:06:25 10:22:00;Canon;0/3;Canon IXUS 117 HS
IMG_0077.JPG;jpg;1/200;5000/1000;125;80/10;;5;24;1;2012:06:25 10:22:15;Canon;0/3;Canon IXUS 117 HS
IMG_0078.JPG;jpg;1/250;5000/1000;200;80/10;;5;89;1;2012:06:25 10:23:55;Canon;0/3;Canon IXUS 117 HS
IMG_0086.JPG;jpg;1/20;5000/1000;1250;28/10;;5;24;1;2012:06:25 20:44:57;Canon;0/3;Canon IXUS 117 HS
IMG_0087.JPG;jpg;1/20;5000/1000;1250;28/10;;5;24;1;2012:06:25 20:45:10;Canon;0/3;Canon IXUS 117 HS
IMG_0088.JPG;jpg;1/15;5000/1000;400;28/10;;5;89;1;2012:06:25 21:03:01;Canon;0/3;Canon IXUS 117 HS
IMG_0089.JPG;jpg;1/15;6008/1000;400;32/10;;5;89;1;2012:06:25 21:03:28;Canon;0/3;Canon IXUS 117 HS
IMG_0090.JPG;jpg;1/60;6008/1000;500;32/10;;2;73;1;2012:06:25 21:03:50;Canon;0/3;Canon IXUS 117 HS
IMG_0093.JPG;jpg;1/15;5000/1000;400;28/10;;5;89;1;2012:06:25 21:05:04;Canon;0/3;Canon IXUS 117 HS
IMG_0094.JPG;jpg;1/15;5000/1000;400;28/10;;5;89;1;2012:06:25 21:06:26;Canon;0/3;Canon IXUS 117 HS
IMG_0097.JPG;jpg;1/15;5000/1000;400;28/10;;5;89;1;2012:06:25 21:10:38;Canon;0/3;Canon IXUS 117 HS
IMG_0101.JPG;jpg;1/15;5000/1000;400;28/10;;5;89;1;2012:06:25 21:15:35;Canon;0/3;Canon IXUS 117 HS
IMG_0103.JPG;jpg;1/15;5000/1000;400;28/10;;5;89;1;2012:06:25 21:16:03;Canon;0/3;Canon IXUS 117 HS
IMG_0104.JPG;jpg;1/15;5000/1000;400;28/10;;5;89;1;2012:06:25 21:16:15;Canon;0/3;Canon IXUS 117 HS
IMG_0105.JPG;jpg;1/60;5000/1000;800;28/10;;5;89;1;2012:06:25 21:16:27;Canon;0/3;Canon IXUS 117 HS
IMG_0106.JPG;jpg;1/15;5000/1000;400;28/10;;5;89;1;2012:06:25 21:17:44;Canon;0/3;Canon IXUS 117 HS
IMG_0110.JPG;jpg;1/8;5000/1000;1600;28/10;;5;24;1;2012:06:25 21:26:55;Canon;0/3;Canon IXUS 117 HS
IMG_0113.JPG;jpg;1/60;5000/1000;800;28/10;;5;89;1;2012:06:26 11:51:04;Canon;0/3;Canon IXUS 117 HS
IMG_0114.JPG;jpg;1/25;5000/1000;800;28/10;;5;24;1;2012:06:26 11:51:27;Canon;0/3;Canon IXUS 117 HS
IMG_0115.JPG;jpg;1/640;5000/1000;100;28/10;;5;24;1;2012:06:26 18:30:04;Canon;0/3;Canon IXUS 117 HS
IMG_0116.JPG;jpg;1/250;5000/1000;400;80/10;;5;24;1;2012:06:26 18:30:37;Canon;0/3;Canon IXUS 117 HS
IMG_0117.JPG;jpg;1/320;5000/1000;400;80/10;;5;24;1;2012:06:26 18:30:55;Canon;0/3;Canon IXUS 117 HS
IMG_0120.JPG;jpg;1/60;5000/1000;640;28/10;;5;24;1;2012:06:26 20:09:56;Canon;0/3;Canon IXUS 117 HS
IMG_0122.JPG;jpg;1/160;5000/1000;100;28/10;;5;24;1;2012:06:27 20:08:02;Canon;0/3;Canon IXUS 117 HS
IMG_0123.JPG;jpg;1/800;5000/1000;125;28/10;;5;16;1;2012:06:27 20:08:37;Canon;0/3;Canon IXUS 117 HS
IMG_0128.JPG;jpg;1/100;5000/1000;400;28/10;;5;24;1;2012:06:27 20:27:14;Canon;0/3;Canon IXUS 117 HS
IMG_0129.JPG;jpg;1/60;5000/1000;400;28/10;;5;24;1;2012:06:27 20:29:16;Canon;0/3;Canon IXUS 117 HS
IMG_0131.JPG;jpg;1/60;6008/1000;400;32/10;;5;24;1;2012:06:27 20:29:56;Canon;0/3;Canon IXUS 117 HS
IMG_0132.JPG;jpg;1/60;6008/1000;400;32/10;;5;24;1;2012:06:27 20:30:09;Canon;0/3;Canon IXUS 117 HS
IMG_0133.JPG;jpg;1/60;6008/1000;500;32/10;;5;24;1;2012:06:27 20:30:24;Canon;0/3;Canon IXUS 117 HS
IMG_0134.JPG;jpg;1/60;6008/1000;500;32/10;;5;24;1;2012:06:27 20:30:44;Canon;0/3;Canon IXUS 117 HS
IMG_0137.JPG;jpg;1/50;5000/1000;800;28/10;;5;24;1;2012:06:27 20:32:32;Canon;0/3;Canon IXUS 117 HS
IMG_0138.JPG;jpg;1/25;5000/1000;400;28/10;;5;89;1;2012:06:27 20:33:23;Canon;0/3;Canon IXUS 117 HS
IMG_0143.JPG;jpg;1/15;5000/1000;1600;28/10;;5;24;1;2012:06:28 00:01:48;Canon;0/3;Canon IXUS 117 HS
IMG_0146.JPG;jpg;1/15;5000/1000;400;28/10;;5;89;1;2012:06:28 00:02:58;Canon;0/3;Canon IXUS 117 HS
IMG_0149.JPG;jpg;1/200;5000/1000;320;80/10;;5;24;1;2012:06:28 11:17:35;Canon;0/3;Canon IXUS 117 HS
IMG_0150.JPG;jpg;1/1250;5000/1000;200;28/10;;5;24;1;2012:06:28 11:17:57;Canon;0/3;Canon IXUS 117 HS
IMG_0151.JPG;jpg;1/15;5000/1000;400;28/10;;5;89;1;2012:06:28 11:18:16;Canon;0/3;Canon IXUS 117 HS
IMG_0153.JPG;jpg;1/640;5000/1000;250;28/10;;5;24;1;2012:06:28 11:19:54;Canon;0/3;Canon IXUS 117 HS
IMG_0154.JPG;jpg;1/320;5000/1000;200;80/10;;5;24;1;2012:06:28 11:23:25;Canon;0/3;Canon IXUS 117 HS
IMG_0155.JPG;jpg;1/200;5000/1000;100;80/10;;5;24;1;2012:06:28 11:57:09;Canon;0/3;Canon IXUS 117 HS
IMG_0156.JPG;jpg;1/1250;5000/1000;160;28/10;;5;24;1;2012:06:28 12:10:08;Canon;0/3;Canon IXUS 117 HS
IMG_0161.JPG;jpg;1/800;9464/1000;100;40/10;;5;24;1;2012:06:28 12:43:36;Canon;0/3;Canon IXUS 117 HS
IMG_0162.JPG;jpg;1/1250;5000/1000;100;28/10;;5;24;1;2012:06:28 12:44:15;Canon;0/3;Canon IXUS 117 HS
IMG_0163.JPG;jpg;1/400;14955/1000;100;50/10;;5;24;1;2012:06:28 12:45:09;Canon;0/3;Canon IXUS 117 HS
IMG_0164.JPG;jpg;1/200;5000/1000;100;80/10;;5;24;1;2012:06:28 12:45:29;Canon;0/3;Canon IXUS 117 HS
IMG_0165.JPG;jpg;1/400;17275/1000;100;56/10;;5;24;1;2012:06:28 12:45:45;Canon;0/3;Canon IXUS 117 HS
IMG_0167.JPG;jpg;1/200;5000/1000;100;80/10;;5;24;1;2012:06:28 12:48:24;Canon;0/3;Canon IXUS 117 HS
IMG_0169.JPG;jpg;1/1250;5000/1000;100;28/10;;5;24;1;2012:06:28 12:54:30;Canon;0/3;Canon IXUS 117 HS
IMG_0170.JPG;jpg;1/800;9464/1000;100;40/10;;5;24;1;2012:06:28 13:16:17;Canon;0/3;Canon IXUS 117 HS
IMG_0172.JPG;jpg;1/640;10906/1000;100;40/10;;5;24;1;2012:06:28 13:19:28;Canon;0/3;Canon IXUS 117 HS
IMG_0174.JPG;jpg;1/500;10906/1000;200;40/10;;5;24;1;2012:06:28 13:23:47;Canon;0/3;Canon IXUS 117 HS
IMG_0175.JPG;jpg;1/500;20000/1000;400;59/10;;5;24;1;2012:06:28 13:40:13;Canon;0/3;Canon IXUS 117 HS
IMG_0177.JPG;jpg;1/500;17275/1000;200;56/10;;5;24;1;2012:06:28 13:53:18;Canon;0/3;Canon IXUS 117 HS
IMG_0178.JPG;jpg;1/1000;6008/1000;100;32/10;;5;24;1;2012:06:28 13:53:56;Canon;0/3;Canon IXUS 117 HS
IMG_0179.JPG;jpg;1/1250;6008/1000;200;32/10;;5;24;1;2012:06:28 13:54:07;Canon;0/3;Canon IXUS 117 HS
IMG_0180.JPG;jpg;1/1250;6008/1000;200;32/10;;5;24;1;2012:06:28 13:54:42;Canon;0/3;Canon IXUS 117 HS
IMG_0181.JPG;jpg;1/250;6008/1000;160;90/10;;2;73;1;2012:06:28 13:55:00;Canon;1/3;Canon IXUS 117 HS
IMG_0186.JPG;jpg;1/1500;5000/1000;125;28/10;;2;73;1;2012:06:28 14:01:58;Canon;1/3;Canon IXUS 117 HS
IMG_0187.JPG;jpg;1/1250;10906/1000;160;40/10;;2;73;1;2012:06:28 14:02:18;Canon;1/3;Canon IXUS 117 HS
IMG_0188.JPG;jpg;1/500;14955/1000;250;50/10;;2;73;1;2012:06:28 14:02:45;Canon;1/3;Canon IXUS 117 HS
IMG_0189.JPG;jpg;1/1500;5000/1000;125;28/10;;2;73;1;2012:06:28 14:03:30;Canon;1/3;Canon IXUS 117 HS
IMG_0190.JPG;jpg;1/60;5000/1000;400;28/10;;2;73;1;2012:06:28 14:13:50;Canon;1/3;Canon IXUS 117 HS
IMG_0191.JPG;jpg;1/60;5000/1000;500;28/10;;2;73;1;2012:06:28 14:14:34;Canon;1/3;Canon IXUS 117 HS
IMG_0192.JPG;jpg;1/60;14955/1000;500;50/10;;2;73;1;2012:06:28 14:14:52;Canon;1/3;Canon IXUS 117 HS
IMG_0193.JPG;jpg;1/80;5000/1000;200;28/10;;2;73;1;2012:06:28 14:18:18;Canon;1/3;Canon IXUS 117 HS
IMG_0194.JPG;jpg;1/60;5000/1000;500;28/10;;2;73;1;2012:06:28 14:23:27;Canon;1/3;Canon IXUS 117 HS
IMG_0195.JPG;jpg;1/60;12785/1000;500;45/10;;2;73;1;2012:06:28 14:24:29;Canon;1/3;Canon IXUS 117 HS
IMG_0196.JPG;jpg;1/60;17275/1000;500;56/10;;2;73;1;2012:06:28 14:24:46;Canon;1/3;Canon IXUS 117 HS
IMG_0197.JPG;jpg;1/60;5000/1000;250;28/10;;2;73;1;2012:06:28 14:44:06;Canon;1/3;Canon IXUS 117 HS
IMG_0198.JPG;jpg;1/160;5000/1000;250;28/10;;5;24;1;2012:06:28 15:43:20;Canon;0/3;Canon IXUS 117 HS
IMG_0199.JPG;jpg;1/125;5000/1000;250;28/10;;5;24;8;2012:06:28 15:44:08;Canon;0/3;Canon IXUS 117 HS
IMG_0200.JPG;jpg;1/125;5000/1000;200;28/10;;5;24;1;2012:06:28 15:45:29;Canon;0/3;Canon IXUS 117 HS
IMG_0202.JPG;jpg;1/125;5000/1000;200;28/10;;5;24;1;2012:06:28 15:46:24;Canon;0/3;Canon IXUS 117 HS
IMG_0203.JPG;jpg;1/100;5000/1000;200;28/10;;5;24;8;2012:06:28 15:47:16;Canon;0/3;Canon IXUS 117 HS
IMG_0204.JPG;jpg;1/15;5000/1000;400;28/10;;5;89;1;2012:06:28 15:54:13;Canon;0/3;Canon IXUS 117 HS
IMG_0205.JPG;jpg;1/15;5000/1000;400;28/10;;5;89;1;2012:06:28 15:54:32;Canon;0/3;Canon IXUS 117 HS
IMG_0206.JPG;jpg;1/15;5000/1000;400;28/10;;5;89;8;2012:06:28 15:54:50;Canon;0/3;Canon IXUS 117 HS
IMG_0207.JPG;jpg;1/60;5000/1000;400;28/10;;5;24;1;2012:06:28 15:58:37;Canon;0/3;Canon IXUS 117 HS
IMG_0209.JPG;jpg;1/320;5000/1000;200;80/10;;5;24;1;2012:06:28 16:04:05;Canon;0/3;Canon IXUS 117 HS
IMG_0212.JPG;jpg;1/400;5000/1000;320;28/10;;5;24;8;2012:06:28 16:04:59;Canon;0/3;Canon IXUS 117 HS
IMG_0213.JPG;jpg;1/800;5000/1000;320;28/10;;5;24;1;2012:06:28 16:05:20;Canon;0/3;Canon IXUS 117 HS
IMG_0214.JPG;jpg;1/320;5000/1000;160;80/10;;5;24;1;2012:06:28 16:05:40;Canon;0/3;Canon IXUS 117 HS
IMG_0215.JPG;jpg;1/1250;5000/1000;200;28/10;;5;24;1;2012:06:28 16:05:49;Canon;0/3;Canon IXUS 117 HS
IMG_0216.JPG;jpg;1/125;5000/1000;200;28/10;;5;24;1;2012:06:28 16:06:57;Canon;0/3;Canon IXUS 117 HS
IMG_0220.JPG;jpg;1/100;5000/1000;200;28/10;;5;24;1;2012:06:28 16:15:34;Canon;0/3;Canon IXUS 117 HS
IMG_0221.JPG;jpg;1/800;5000/1000;320;28/10;;5;24;1;2012:06:28 16:21:11;Canon;0/3;Canon IXUS 117 HS
IMG_0223.JPG;jpg;1/50;17275/1000;800;56/10;;5;24;1;2012:06:28 16:24:38;Canon;0/3;Canon IXUS 117 HS
IMG_0224.JPG;jpg;1/320;5000/1000;100;28/10;;5;24;1;2012:06:28 16:30:01;Canon;0/3;Canon IXUS 117 HS
IMG_0225.JPG;jpg;1/60;5000/1000;100;28/10;;5;24;1;2012:06:28 16:37:22;Canon;0/3;Canon IXUS 117 HS
IMG_0226.JPG;jpg;1/125;5000/1000;200;28/10;;5;24;1;2012:06:28 16:44:43;Canon;0/3;Canon IXUS 117 HS
IMG_0227.JPG;jpg;1/200;5000/1000;200;80/10;;5;24;1;2012:06:28 16:45:33;Canon;0/3;Canon IXUS 117 HS
IMG_0228.JPG;jpg;1/200;5000/1000;400;80/10;;5;24;1;2012:06:28 16:45:53;Canon;0/3;Canon IXUS 117 HS
IMG_0229.JPG;jpg;1/1000;5000/1000;400;28/10;;5;24;1;2012:06:28 16:46:12;Canon;0/3;Canon IXUS 117 HS
IMG_0230.JPG;jpg;1/80;5000/1000;200;28/10;;5;24;1;2012:06:28 16:47:08;Canon;0/3;Canon IXUS 117 HS
IMG_0231.JPG;jpg;1/400;5000/1000;200;80/10;;5;24;1;2012:06:28 16:47:30;Canon;0/3;Canon IXUS 117 HS
IMG_0232.JPG;jpg;1/500;5000/1000;200;28/10;;5;24;1;2012:06:28 16:47:37;Canon;0/3;Canon IXUS 117 HS
IMG_0235.JPG;jpg;1/125;9464/1000;250;40/10;;5;24;1;2012:06:28 16:49:15;Canon;0/3;Canon IXUS 117 HS
IMG_0236.JPG;jpg;1/320;9464/1000;400;40/10;;5;24;1;2012:06:28 16:49:47;Canon;0/3;Canon IXUS 117 HS
IMG_0238.JPG;jpg;1/250;9464/1000;250;40/10;;5;24;1;2012:06:28 16:50:31;Canon;0/3;Canon IXUS 117 HS
IMG_0240.JPG;jpg;1/200;5000/1000;125;28/10;;5;24;1;2012:06:28 16:54:46;Canon;0/3;Canon IXUS 117 HS
IMG_0241.JPG;jpg;1/100;9464/1000;400;40/10;;5;24;1;2012:06:28 16:55:27;Canon;0/3;Canon IXUS 117 HS
IMG_0243.JPG;jpg;1/125;9464/1000;400;40/10;;5;24;1;2012:06:28 16:56:21;Canon;0/3;Canon IXUS 117 HS
IMG_0244.JPG;jpg;1/1250;5000/1000;160;28/10;;5;24;1;2012:06:28 17:06:48;Canon;0/3;Canon IXUS 117 HS
IMG_0245.JPG;jpg;1/400;12785/1000;100;45/10;;5;24;1;2012:06:28 17:07:17;Canon;0/3;Canon IXUS 117 HS
IMG_0246.JPG;jpg;1/400;12785/1000;125;45/10;;5;24;1;2012:06:28 17:07:35;Canon;0/3;Canon IXUS 117 HS
IMG_0247.JPG;jpg;1/640;9464/1000;200;40/10;;5;24;1;2012:06:28 17:08:44;Canon;0/3;Canon IXUS 117 HS
IMG_0249.JPG;jpg;1/1000;5000/1000;125;28/10;;5;24;1;2012:06:28 17:10:16;Canon;0/3;Canon IXUS 117 HS
IMG_0250.JPG;jpg;1/500;6008/1000;400;90/10;;5;24;1;2012:06:28 17:19:07;Canon;0/3;Canon IXUS 117 HS
IMG_0251.JPG;jpg;1/640;5000/1000;320;80/10;;5;24;1;2012:06:28 17:19:41;Canon;0/3;Canon IXUS 117 HS
IMG_0252.JPG;jpg;1/1000;5000/1000;100;28/10;;5;24;1;2012:06:28 17:20:36;Canon;0/3;Canon IXUS 117 HS
IMG_0255.JPG;jpg;1/400;12785/1000;100;45/10;;5;24;1;2012:06:28 17:21:33;Canon;0/3;Canon IXUS 117 HS
IMG_0257.JPG;jpg;1/200;5000/1000;400;28/10;;5;24;1;2012:06:28 17:24:13;Canon;0/3;Canon IXUS 117 HS
IMG_0258.JPG;jpg;1/125;5000/1000;250;28/10;;5;24;1;2012:06:28 17:25:39;Canon;0/3;Canon IXUS 117 HS
IMG_0263.JPG;jpg;1/100;9464/1000;125;40/10;;2;73;1;2012:06:28 19:47:28;Canon;1/3;Canon IXUS 117 HS
IMG_0266.JPG;jpg;1/60;5000/1000;200;28/10;;2;73;1;2012:06:28 20:03:00;Canon;1/3;Canon IXUS 117 HS
IMG_0267.JPG;jpg;1/60;5000/1000;250;28/10;;2;73;1;2012:06:28 20:03:16;Canon;1/3;Canon IXUS 117 HS
IMG_0268.JPG;jpg;1/60;5000/1000;250;28/10;;2;73;1;2012:06:28 20:03:24;Canon;1/3;Canon IXUS 117 HS
IMG_0271.JPG;jpg;1/60;5000/1000;500;28/10;;2;73;1;2012:06:28 20:11:04;Canon;1/3;Canon IXUS 117 HS
IMG_0272.JPG;jpg;1/60;5000/1000;500;28/10;;2;73;1;2012:06:28 20:11:12;Canon;1/3;Canon IXUS 117 HS
IMG_0279.JPG;jpg;1/60;5000/1000;400;28/10;;2;73;1;2012:06:28 20:19:47;Canon;1/3;Canon IXUS 117 HS
IMG_0283.JPG;jpg;1/60;20000/1000;800;59/10;;5;89;1;2012:06:29 19:56:49;Canon;0/3;Canon IXUS 117 HS
IMG_0284.JPG;jpg;1/15;5000/1000;400;28/10;;5;89;1;2012:06:29 20:50:49;Canon;0/3;Canon IXUS 117 HS
IMG_0286.JPG;jpg;1/250;9464/1000;200;110/10;;5;24;1;2012:06:30 09:53:03;Canon;0/3;Canon IXUS 117 HS
IMG_0287.JPG;jpg;1/800;12785/1000;250;45/10;;5;24;1;2012:06:30 09:53:32;Canon;0/3;Canon IXUS 117 HS
IMG_0288.JPG;jpg;1/500;9464/1000;100;40/10;;5;24;1;2012:06:30 09:56:56;Canon;0/3;Canon IXUS 117 HS
IMG_0290.JPG;jpg;1/800;9464/1000;100;40/10;;5;24;1;2012:06:30 09:57:43;Canon;0/3;Canon IXUS 117 HS
IMG_0292.JPG;jpg;1/640;8022/1000;100;35/10;;5;24;1;2012:06:30 09:59:51;Canon;0/3;Canon IXUS 117 HS
IMG_0293.JPG;jpg;1/500;5000/1000;320;28/10;;5;24;1;2012:06:30 10:02:44;Canon;0/3;Canon IXUS 117 HS
IMG_0296.JPG;jpg;1/640;5000/1000;160;28/10;;5;24;1;2012:06:30 10:04:54;Canon;0/3;Canon IXUS 117 HS
IMG_0297.JPG;jpg;1/250;10906/1000;160;40/10;;5;24;1;2012:06:30 10:05:11;Canon;0/3;Canon IXUS 117 HS
IMG_0298.JPG;jpg;1/160;9464/1000;200;40/10;;5;24;1;2012:06:30 10:05:51;Canon;0/3;Canon IXUS 117 HS
IMG_0301.JPG;jpg;1/250;5000/1000;100;80/10;;2;73;1;2012:06:30 10:32:17;Canon;1/3;Canon IXUS 117 HS
IMG_0304.JPG;jpg;1/250;5000/1000;200;80/10;;5;24;1;2012:06:30 10:41:18;Canon;0/3;Canon IXUS 117 HS
IMG_0305.JPG;jpg;1/250;5000/1000;100;80/10;;5;24;1;2012:06:30 10:41:28;Canon;0/3;Canon IXUS 117 HS
IMG_0306.JPG;jpg;1/250;5000/1000;160;80/10;;5;24;1;2012:06:30 10:41:39;Canon;0/3;Canon IXUS 117 HS
IMG_0307.JPG;jpg;1/250;5000/1000;125;80/10;;5;24;1;2012:06:30 10:41:45;Canon;0/3;Canon IXUS 117 HS
IMG_0308.JPG;jpg;1/200;5000/1000;125;80/10;;5;24;1;2012:06:30 10:42:55;Canon;0/3;Canon IXUS 117 HS
IMG_0309.JPG;jpg;1/200;5000/1000;125;80/10;;5;24;1;2012:06:30 10:43:11;Canon;0/3;Canon IXUS 117 HS
IMG_0310.JPG;jpg;1/250;5000/1000;200;80/10;;5;24;1;2012:06:30 10:43:37;Canon;0/3;Canon IXUS 117 HS
IMG_0311.JPG;jpg;1/250;5000/1000;160;80/10;;5;24;1;2012:06:30 10:44:10;Canon;0/3;Canon IXUS 117 HS
IMG_0313.JPG;jpg;1/640;12785/1000;125;45/10;;5;24;1;2012:06:30 12:25:59;Canon;0/3;Canon IXUS 117 HS
IMG_0314.JPG;jpg;1/1250;12785/1000;200;45/10;;5;24;1;2012:06:30 12:26:14;Canon;0/3;Canon IXUS 117 HS
IMG_0315.JPG;jpg;1/800;6008/1000;100;32/10;;5;24;1;2012:06:30 12:26:40;Canon;0/3;Canon IXUS 117 HS
IMG_0316.JPG;jpg;1/800;6008/1000;100;32/10;;5;24;1;2012:06:30 12:26:48;Canon;0/3;Canon IXUS 117 HS
IMG_0318.JPG;jpg;1/1000;9464/1000;320;40/10;;5;24;1;2012:06:30 13:22:33;Canon;0/3;Canon IXUS 117 HS
IMG_0319.JPG;jpg;1/1250;5000/1000;160;28/10;;5;24;1;2012:06:30 13:23:34;Canon;0/3;Canon IXUS 117 HS
IMG_0321.JPG;jpg;1/800;5000/1000;160;28/10;;5;24;1;2012:06:30 13:25:03;Canon;0/3;Canon IXUS 117 HS
IMG_0322.JPG;jpg;1/400;5000/1000;200;28/10;;5;24;1;2012:06:30 13:26:17;Canon;0/3;Canon IXUS 117 HS
IMG_0325.JPG;jpg;1/1250;5000/1000;100;28/10;;5;24;1;2012:06:30 13:29:59;Canon;0/3;Canon IXUS 117 HS
IMG_0326.JPG;jpg;1/400;5000/1000;320;28/10;;5;24;8;2012:06:30 13:31:10;Canon;0/3;Canon IXUS 117 HS
IMG_0328.JPG;jpg;1/250;5000/1000;100;80/10;;5;24;1;2012:06:30 13:37:29;Canon;0/3;Canon IXUS 117 HS
IMG_0331.JPG;jpg;1/250;5000/1000;160;80/10;;5;24;1;2012:06:30 13:41:19;Canon;0/3;Canon IXUS 117 HS
IMG_0334.JPG;jpg;1/800;5000/1000;400;28/10;;5;24;1;2012:06:30 14:29:11;Canon;0/3;Canon IXUS 117 HS
IMG_0336.JPG;jpg;1/400;5000/1000;200;80/10;;5;24;1;2012:06:30 15:20:57;Canon;0/3;Canon IXUS 117 HS
IMG_0343.JPG;jpg;1/15;5000/1000;400;28/10;;5;89;1;2012:06:30 20:24:55;Canon;0/3;Canon IXUS 117 HS
IMG_0344.JPG;jpg;1/30;5000/1000;800;28/10;;5;24;1;2012:06:30 20:25:08;Canon;0/3;Canon IXUS 117 HS
IMG_0346.JPG;jpg;1/60;5000/1000;800;28/10;;5;24;1;2012:06:30 20:25:45;Canon;0/3;Canon IXUS 117 HS
IMG_0347.JPG;jpg;1/60;5000/1000;800;28/10;;5;24;1;2012:06:30 20:28:43;Canon;0/3;Canon IXUS 117 HS
IMG_0350.JPG;jpg;1/15;5000/1000;250;28/10;;5;89;1;2012:06:30 20:29:27;Canon;0/3;Canon IXUS 117 HS
IMG_0352.JPG;jpg;1/15;5000/1000;400;28/10;;5;89;1;2012:06:30 20:30:18;Canon;0/3;Canon IXUS 117 HS
IMG_0354.JPG;jpg;1/15;5000/1000;400;28/10;;5;89;1;2012:06:30 20:35:31;Canon;0/3;Canon IXUS 117 HS
IMG_0355.JPG;jpg;1/15;5000/1000;400;28/10;;5;89;1;2012:06:30 20:35:45;Canon;0/3;Canon IXUS 117 HS
IMG_0356.JPG;jpg;1/15;5000/1000;400;28/10;;5;89;1;2012:06:30 20:45:12;Canon;0/3;Canon IXUS 117 HS
IMG_0363.JPG;jpg;1/15;5000/1000;400;28/10;;5;89;1;2012:06:30 21:46:14;Canon;0/3;Canon IXUS 117 HS
IMG_0364.JPG;jpg;1/60;5000/1000;800;28/10;;5;89;1;2012:06:30 21:46:31;Canon;0/3;Canon IXUS 117 HS
IMG_0365.JPG;jpg;1/250;5000/1000;125;80/10;;5;24;1;2012:07:01 11:10:47;Canon;0/3;Canon IXUS 117 HS
IMG_0366.JPG;jpg;1/320;5000/1000;200;80/10;;5;24;1;2012:07:01 11:10:57;Canon;0/3;Canon IXUS 117 HS
IMG_0367.JPG;jpg;1/1250;5000/1000;100;28/10;;5;24;6;2012:07:01 11:11:25;Canon;0/3;Canon IXUS 117 HS
IMG_0368.JPG;jpg;1/1250;5000/1000;100;28/10;;5;24;6;2012:07:01 11:11:52;Canon;0/3;Canon IXUS 117 HS
IMG_0372.JPG;jpg;1/250;5000/1000;100;80/10;;5;24;1;2012:07:01 11:13:55;Canon;0/3;Canon IXUS 117 HS
IMG_0374.JPG;jpg;1/250;5000/1000;200;80/10;;5;24;1;2012:07:01 11:16:12;Canon;0/3;Canon IXUS 117 HS
IMG_0376.JPG;jpg;1/1250;5000/1000;100;28/10;;5;24;1;2012:07:01 11:16:43;Canon;0/3;Canon IXUS 117 HS
IMG_0378.JPG;jpg;1/800;5000/1000;200;28/10;;5;24;1;2012:07:01 12:40:06;Canon;0/3;Canon IXUS 117 HS
IMG_0381.JPG;jpg;1/1000;5000/1000;100;28/10;;5;24;1;2012:07:01 12:53:47;Canon;0/3;Canon IXUS 117 HS
IMG_0382.JPG;jpg;1/60;5000/1000;800;28/10;;5;89;1;2012:07:01 17:14:02;Canon;0/3;Canon IXUS 117 HS
IMG_0384.JPG;jpg;1/20;5000/1000;1250;28/10;;5;24;1;2012:07:01 17:29:19;Canon;0/3;Canon IXUS 117 HS
IMG_0387.JPG;jpg;1/200;5000/1000;100;80/10;;5;24;1;2012:07:02 10:22:29;Canon;0/3;Canon IXUS 117 HS
IMG_0389.JPG;jpg;1/500;5000/1000;200;28/10;;5;24;1;2012:07:02 10:24:36;Canon;0/3;Canon IXUS 117 HS
IMG_0390.JPG;jpg;1/400;5000/1000;200;28/10;;5;24;1;2012:07:02 10:24:39;Canon;0/3;Canon IXUS 117 HS
IMG_0396.JPG;jpg;1/1500;8022/1000;160;35/10;;2;73;1;2012:07:02 10:42:58;Canon;1/3;Canon IXUS 117 HS
IMG_0397.JPG;jpg;1/1500;9464/1000;160;40/10;;2;73;1;2012:07:02 10:52:49;Canon;1/3;Canon IXUS 117 HS
IMG_0399.JPG;jpg;1/1250;5000/1000;500;80/10;;2;73;1;2012:07:02 11:10:31;Canon;1/3;Canon IXUS 117 HS
IMG_0400.JPG;jpg;1/1500;10906/1000;160;40/10;;2;73;1;2012:07:02 11:10:45;Canon;1/3;Canon IXUS 117 HS
IMG_0401.JPG;jpg;1/1250;5000/1000;500;80/10;;2;73;1;2012:07:02 11:11:08;Canon;1/3;Canon IXUS 117 HS
IMG_0404.JPG;jpg;1/1000;5000/1000;500;80/10;;2;73;1;2012:07:02 11:56:39;Canon;1/3;Canon IXUS 117 HS
IMG_0405.JPG;jpg;1/800;5000/1000;500;80/10;;2;73;8;2012:07:02 11:59:24;Canon;1/3;Canon IXUS 117 HS
IMG_0406.JPG;jpg;1/1500;5000/1000;160;28/10;;2;73;1;2012:07:02 12:25:56;Canon;1/3;Canon IXUS 117 HS
IMG_0407.JPG;jpg;1/1500;7015/1000;125;32/10;;2;73;1;2012:07:02 12:26:13;Canon;1/3;Canon IXUS 117 HS
IMG_0408.JPG;jpg;1/800;9464/1000;250;40/10;;2;73;1;2012:07:02 12:29:20;Canon;1/3;Canon IXUS 117 HS
IMG_0409.JPG;jpg;1/1250;5000/1000;320;80/10;;2;73;1;2012:07:02 12:39:39;Canon;1/3;Canon IXUS 117 HS
IMG_0411.JPG;jpg;1/800;5000/1000;500;80/10;;2;73;1;2012:07:02 12:40:41;Canon;1/3;Canon IXUS 117 HS
IMG_0412.JPG;jpg;1/1250;12785/1000;160;45/10;;2;73;1;2012:07:02 12:41:19;Canon;1/3;Canon IXUS 117 HS
IMG_0413.JPG;jpg;1/1250;10906/1000;250;40/10;;2;73;1;2012:07:02 12:41:31;Canon;1/3;Canon IXUS 117 HS
IMG_0415.JPG;jpg;1/1500;5000/1000;500;80/10;;2;73;1;2012:07:02 13:44:40;Canon;1/3;Canon IXUS 117 HS
IMG_0416.JPG;jpg;1/1000;7015/1000;500;90/10;;2;73;1;2012:07:02 14:08:44;Canon;1/3;Canon IXUS 117 HS
IMG_0417.JPG;jpg;1/1500;8022/1000;125;35/10;;2;73;1;2012:07:02 14:09:08;Canon;1/3;Canon IXUS 117 HS
IMG_0418.JPG;jpg;1/1500;8022/1000;125;35/10;;2;73;1;2012:07:02 14:09:26;Canon;1/3;Canon IXUS 117 HS
IMG_0419.JPG;jpg;1/1250;5000/1000;500;80/10;;2;73;1;2012:07:02 14:40:47;Canon;1/3;Canon IXUS 117 HS
IMG_0421.JPG;jpg;1/1000;10906/1000;100;40/10;;5;24;1;2012:07:02 14:41:50;Canon;0/3;Canon IXUS 117 HS
IMG_0422.JPG;jpg;1/800;12785/1000;160;45/10;;5;24;1;2012:07:02 14:42:28;Canon;0/3;Canon IXUS 117 HS
IMG_0424.JPG;jpg;1/800;5000/1000;200;28/10;;5;24;1;2012:07:02 14:50:42;Canon;0/3;Canon IXUS 117 HS
IMG_0425.JPG;jpg;1/25;5000/1000;400;28/10;;5;89;1;2012:07:02 14:51:26;Canon;0/3;Canon IXUS 117 HS
IMG_0426.JPG;jpg;1/25;5000/1000;400;28/10;;5;89;8;2012:07:02 14:51:40;Canon;0/3;Canon IXUS 117 HS
IMG_0427.JPG;jpg;1/250;5000/1000;200;28/10;;5;24;1;2012:07:02 14:52:59;Canon;0/3;Canon IXUS 117 HS
IMG_0428.JPG;jpg;1/200;5000/1000;200;28/10;;5;24;1;2012:07:02 14:53:07;Canon;0/3;Canon IXUS 117 HS
IMG_0429.JPG;jpg;1/200;5000/1000;100;80/10;;5;24;8;2012:07:02 14:53:53;Canon;0/3;Canon IXUS 117 HS
IMG_0430.JPG;jpg;1/320;5000/1000;400;80/10;;5;24;1;2012:07:02 14:54:21;Canon;0/3;Canon IXUS 117 HS
IMG_0431.JPG;jpg;1/250;5000/1000;100;80/10;;5;24;1;2012:07:02 14:55:47;Canon;0/3;Canon IXUS 117 HS
IMG_0435.JPG;jpg;1/250;5000/1000;160;80/10;;5;24;1;2012:07:02 14:58:11;Canon;0/3;Canon IXUS 117 HS
IMG_0437.JPG;jpg;1/320;5000/1000;200;28/10;;5;24;1;2012:07:02 14:59:09;Canon;0/3;Canon IXUS 117 HS
IMG_0438.JPG;jpg;1/320;5000/1000;160;28/10;;5;24;1;2012:07:02 14:59:40;Canon;0/3;Canon IXUS 117 HS
IMG_0440.JPG;jpg;1/200;5000/1000;100;28/10;;5;24;1;2012:07:02 14:59:59;Canon;0/3;Canon IXUS 117 HS
IMG_0441.JPG;jpg;1/160;5000/1000;100;28/10;;5;24;1;2012:07:02 15:00:06;Canon;0/3;Canon IXUS 117 HS
IMG_0442.JPG;jpg;1/200;5000/1000;125;28/10;;5;24;1;2012:07:02 15:00:25;Canon;0/3;Canon IXUS 117 HS
IMG_0443.JPG;jpg;1/320;5000/1000;200;28/10;;5;24;1;2012:07:02 15:00:43;Canon;0/3;Canon IXUS 117 HS
IMG_0447.JPG;jpg;1/400;5000/1000;200;28/10;;5;24;1;2012:07:02 15:18:24;Canon;0/3;Canon IXUS 117 HS
IMG_0448.JPG;jpg;1/250;5000/1000;100;80/10;;5;24;1;2012:07:02 15:21:01;Canon;0/3;Canon IXUS 117 HS
IMG_0449.JPG;jpg;1/1250;5000/1000;160;28/10;;5;24;8;2012:07:02 15:21:48;Canon;0/3;Canon IXUS 117 HS
IMG_0450.JPG;jpg;1/20;5000/1000;400;28/10;;5;89;1;2012:07:02 15:26:12;Canon;0/3;Canon IXUS 117 HS
IMG_0451.JPG;jpg;1/200;5000/1000;200;28/10;;5;24;1;2012:07:02 15:27:06;Canon;0/3;Canon IXUS 117 HS
IMG_0452.JPG;jpg;1/60;5000/1000;250;28/10;;5;24;6;2012:07:02 15:29:18;Canon;0/3;Canon IXUS 117 HS
IMG_0453.JPG;jpg;1/60;5000/1000;250;28/10;;5;24;1;2012:07:02 15:29:45;Canon;0/3;Canon IXUS 117 HS
IMG_0454.JPG;jpg;1/100;5000/1000;200;28/10;;5;24;1;2012:07:02 15:30:07;Canon;0/3;Canon IXUS 117 HS
IMG_0455.JPG;jpg;1/60;6008/1000;320;32/10;;5;24;1;2012:07:02 15:31:17;Canon;0/3;Canon IXUS 117 HS
IMG_0456.JPG;jpg;1/1000;8022/1000;125;35/10;;5;24;1;2012:07:02 15:32:17;Canon;0/3;Canon IXUS 117 HS
IMG_0458.JPG;jpg;1/500;5000/1000;250;28/10;;2;73;6;2012:07:02 15:35:36;Canon;1/3;Canon IXUS 117 HS
IMG_0459.JPG;jpg;1/500;5000/1000;200;28/10;;2;73;6;2012:07:02 15:35:51;Canon;1/3;Canon IXUS 117 HS
IMG_0460.JPG;jpg;1/320;5000/1000;200;28/10;;2;73;6;2012:07:02 15:35:59;Canon;1/3;Canon IXUS 117 HS
IMG_0463.JPG;jpg;1/400;5000/1000;250;28/10;;2;73;1;2012:07:02 15:38:16;Canon;1/3;Canon IXUS 117 HS
IMG_0466.JPG;jpg;1/640;5000/1000;500;80/10;;2;73;1;2012:07:02 15:41:21;Canon;1/3;Canon IXUS 117 HS
IMG_0467.JPG;jpg;1/640;5000/1000;160;28/10;;2;73;1;2012:07:02 15:45:38;Canon;1/3;Canon IXUS 117 HS
IMG_0468.JPG;jpg;1/640;7015/1000;250;32/10;;2;73;1;2012:07:02 15:46:21;Canon;1/3;Canon IXUS 117 HS
IMG_0471.JPG;jpg;1/250;5000/1000;100;80/10;;5;24;1;2012:07:02 16:25:30;Canon;0/3;Canon IXUS 117 HS
IMG_0472.JPG;jpg;1/800;9464/1000;160;40/10;;5;24;1;2012:07:02 16:26:13;Canon;0/3;Canon IXUS 117 HS
IMG_0473.JPG;jpg;1/80;7015/1000;200;32/10;;5;24;8;2012:07:02 16:28:31;Canon;0/3;Canon IXUS 117 HS
IMG_0474.JPG;jpg;1/200;7015/1000;100;90/10;;5;24;1;2012:07:02 16:28:55;Canon;0/3;Canon IXUS 117 HS
IMG_0475.JPG;jpg;1/250;7015/1000;200;90/10;;5;24;1;2012:07:02 16:29:09;Canon;0/3;Canon IXUS 117 HS
IMG_0476.JPG;jpg;1/320;5000/1000;320;28/10;;5;24;8;2012:07:02 16:30:56;Canon;0/3;Canon IXUS 117 HS
IMG_0477.JPG;jpg;1/250;5000/1000;320;28/10;;5;24;8;2012:07:02 16:31:15;Canon;0/3;Canon IXUS 117 HS
IMG_0478.JPG;jpg;1/200;5000/1000;400;28/10;;5;24;1;2012:07:02 16:31:40;Canon;0/3;Canon IXUS 117 HS
IMG_0480.JPG;jpg;1/60;5000/1000;800;28/10;;5;24;1;2012:07:02 16:32:18;Canon;0/3;Canon IXUS 117 HS
IMG_0481.JPG;jpg;1/250;5000/1000;200;28/10;;5;24;1;2012:07:02 16:33:06;Canon;0/3;Canon IXUS 117 HS
IMG_0482.JPG;jpg;1/250;5000/1000;200;28/10;;5;24;1;2012:07:02 16:33:21;Canon;0/3;Canon IXUS 117 HS
IMG_0485.JPG;jpg;1/125;5000/1000;200;28/10;;5;24;1;2012:07:02 16:35:17;Canon;0/3;Canon IXUS 117 HS
IMG_0486.JPG;jpg;1/320;5000/1000;320;28/10;;5;24;8;2012:07:02 16:35:49;Canon;0/3;Canon IXUS 117 HS
IMG_0487.JPG;jpg;1/60;5000/1000;160;28/10;;5;24;1;2012:07:02 16:36:10;Canon;0/3;Canon IXUS 117 HS
IMG_0488.JPG;jpg;1/640;5000/1000;200;28/10;;5;24;1;2012:07:02 16:36:24;Canon;0/3;Canon IXUS 117 HS
IMG_0490.JPG;jpg;1/500;5000/1000;320;80/10;;5;24;1;2012:07:02 16:37:07;Canon;0/3;Canon IXUS 117 HS
IMG_0491.JPG;jpg;1/250;5000/1000;100;28/10;;5;24;1;2012:07:02 16:37:40;Canon;0/3;Canon IXUS 117 HS
IMG_0492.JPG;jpg;1/40;6008/1000;400;32/10;;5;89;1;2012:07:02 17:04:45;Canon;0/3;Canon IXUS 117 HS
IMG_0493.JPG;jpg;1/60;5000/1000;250;28/10;;5;24;1;2012:07:02 17:28:07;Canon;0/3;Canon IXUS 117 HS
IMG_0496.JPG;jpg;1/100;5000/1000;320;28/10;;5;24;1;2012:07:02 17:30:26;Canon;0/3;Canon IXUS 117 HS
IMG_0497.JPG;jpg;1/100;5000/1000;200;28/10;;5;24;1;2012:07:02 17:30:46;Canon;0/3;Canon IXUS 117 HS
IMG_0499.JPG;jpg;1/500;5000/1000;250;28/10;;5;24;1;2012:07:02 18:15:31;Canon;0/3;Canon IXUS 117 HS
IMG_0501.JPG;jpg;1/320;5000/1000;100;80/10;;5;24;1;2012:07:02 18:18:48;Canon;0/3;Canon IXUS 117 HS
IMG_0504.JPG;jpg;1/800;5000/1000;125;28/10;;5;24;1;2012:07:02 18:30:17;Canon;0/3;Canon IXUS 117 HS
IMG_0507.JPG;jpg;1/800;5000/1000;250;80/10;;5;24;1;2012:07:02 18:57:01;Canon;0/3;Canon IXUS 117 HS
IMG_0510.JPG;jpg;1/1500;5000/1000;500;80/10;;2;73;1;2012:07:02 18:57:56;Canon;1/3;Canon IXUS 117 HS
IMG_0512.JPG;jpg;1/1500;5000/1000;400;80/10;;2;73;1;2012:07:02 19:05:28;Canon;1/3;Canon IXUS 117 HS
IMG_0514.JPG;jpg;1/1000;5000/1000;250;28/10;;2;73;1;2012:07:02 19:09:51;Canon;1/3;Canon IXUS 117 HS
IMG_0515.JPG;jpg;1/1000;5000/1000;160;28/10;;2;73;1;2012:07:02 19:10:03;Canon;1/3;Canon IXUS 117 HS
IMG_0517.JPG;jpg;1/1500;5000/1000;500;80/10;;2;73;1;2012:07:02 19:11:44;Canon;1/3;Canon IXUS 117 HS
IMG_0518.JPG;jpg;1/400;5000/1000;400;80/10;;5;24;1;2012:07:02 19:12:05;Canon;0/3;Canon IXUS 117 HS
IMG_0522.JPG;jpg;1/200;5000/1000;320;28/10;;5;24;1;2012:07:02 19:17:22;Canon;0/3;Canon IXUS 117 HS
IMG_0523.JPG;jpg;1/160;5000/1000;320;28/10;;5;24;1;2012:07:02 19:24:38;Canon;0/3;Canon IXUS 117 HS
IMG_0525.JPG;jpg;1/320;5000/1000;250;28/10;;2;73;1;2012:07:02 19:26:06;Canon;1/3;Canon IXUS 117 HS
IMG_0526.JPG;jpg;1/320;5000/1000;250;28/10;;2;73;1;2012:07:02 19:26:34;Canon;1/3;Canon IXUS 117 HS
IMG_0528.JPG;jpg;1/640;5000/1000;200;28/10;;2;73;1;2012:07:02 19:30:58;Canon;1/3;Canon IXUS 117 HS
IMG_0529.JPG;jpg;1/320;5000/1000;250;28/10;;2;73;1;2012:07:02 19:31:05;Canon;1/3;Canon IXUS 117 HS
IMG_0531.JPG;jpg;1/1000;5000/1000;250;28/10;;2;73;1;2012:07:02 19:31:54;Canon;1/3;Canon IXUS 117 HS
IMG_0533.JPG;jpg;1/640;5000/1000;200;28/10;;2;73;1;2012:07:02 19:37:24;Canon;1/3;Canon IXUS 117 HS
IMG_0534.JPG;jpg;1/640;5000/1000;200;28/10;;2;73;1;2012:07:02 19:37:34;Canon;1/3;Canon IXUS 117 HS
IMG_0535.JPG;jpg;1/640;5000/1000;250;28/10;;2;73;1;2012:07:02 19:38:17;Canon;1/3;Canon IXUS 117 HS
IMG_0536.JPG;jpg;1/500;5000/1000;250;28/10;;2;73;1;2012:07:02 19:38:28;Canon;1/3;Canon IXUS 117 HS
IMG_0537.JPG;jpg;1/640;10906/1000;500;40/10;;2;73;1;2012:07:02 19:38:53;Canon;1/3;Canon IXUS 117 HS
IMG_0539.JPG;jpg;1/100;5000/1000;200;28/10;;2;73;1;2012:07:02 19:44:08;Canon;1/3;Canon IXUS 117 HS
IMG_0540.JPG;jpg;1/640;5000/1000;250;28/10;;2;73;1;2012:07:02 19:44:50;Canon;1/3;Canon IXUS 117 HS
IMG_0541.JPG;jpg;1/640;5000/1000;250;28/10;;2;73;1;2012:07:02 19:45:37;Canon;1/3;Canon IXUS 117 HS
IMG_0542.JPG;jpg;1/400;5000/1000;250;28/10;;2;73;1;2012:07:02 19:47:00;Canon;1/3;Canon IXUS 117 HS
IMG_0543.JPG;jpg;1/400;5000/1000;500;28/10;;2;73;1;2012:07:02 19:47:15;Canon;1/3;Canon IXUS 117 HS
IMG_0544.JPG;jpg;1/100;5000/1000;200;28/10;;2;73;1;2012:07:02 19:47:30;Canon;1/3;Canon IXUS 117 HS
IMG_0545.JPG;jpg;1/250;5000/1000;250;28/10;;2;73;1;2012:07:02 19:48:08;Canon;1/3;Canon IXUS 117 HS
IMG_0546.JPG;jpg;1/320;5000/1000;250;28/10;;2;73;1;2012:07:02 19:48:42;Canon;1/3;Canon IXUS 117 HS
IMG_0547.JPG;jpg;1/400;5000/1000;250;28/10;;2;73;1;2012:07:02 19:49:35;Canon;1/3;Canon IXUS 117 HS
IMG_0548.JPG;jpg;1/500;5000/1000;250;28/10;;2;73;1;2012:07:02 19:50:36;Canon;1/3;Canon IXUS 117 HS
IMG_0549.JPG;jpg;1/400;5000/1000;250;28/10;;2;73;1;2012:07:02 19:51:55;Canon;1/3;Canon IXUS 117 HS
IMG_0550.JPG;jpg;1/200;5000/1000;250;28/10;;2;73;1;2012:07:02 19:52:16;Canon;1/3;Canon IXUS 117 HS
IMG_0551.JPG;jpg;1/200;10906/1000;250;40/10;;2;73;1;2012:07:02 19:53:58;Canon;1/3;Canon IXUS 117 HS
IMG_0553.JPG;jpg;1/400;5000/1000;250;28/10;;2;73;1;2012:07:02 19:54:59;Canon;1/3;Canon IXUS 117 HS
IMG_0554.JPG;jpg;1/200;5000/1000;250;28/10;;2;73;1;2012:07:02 19:55:34;Canon;1/3;Canon IXUS 117 HS
IMG_0555.JPG;jpg;1/160;5000/1000;160;28/10;;2;73;1;2012:07:02 19:55:57;Canon;1/3;Canon IXUS 117 HS
IMG_0556.JPG;jpg;1/100;5000/1000;200;28/10;;2;73;8;2012:07:02 19:56:44;Canon;1/3;Canon IXUS 117 HS
IMG_0557.JPG;jpg;1/200;5000/1000;250;28/10;;2;73;1;2012:07:02 19:57:27;Canon;1/3;Canon IXUS 117 HS
IMG_0558.JPG;jpg;1/200;5000/1000;500;28/10;;2;73;1;2012:07:02 19:57:57;Canon;1/3;Canon IXUS 117 HS
IMG_0559.JPG;jpg;1/160;9464/1000;500;40/10;;2;73;1;2012:07:02 19:58:59;Canon;1/3;Canon IXUS 117 HS
IMG_0567.JPG;jpg;1/60;10906/1000;500;40/10;;2;73;1;2012:07:02 20:04:10;Canon;1/3;Canon IXUS 117 HS
IMG_0568.JPG;jpg;1/200;10906/1000;500;40/10;;2;73;1;2012:07:02 20:04:43;Canon;1/3;Canon IXUS 117 HS
IMG_0569.JPG;jpg;1/80;5000/1000;200;28/10;;2;73;1;2012:07:02 20:05:24;Canon;1/3;Canon IXUS 117 HS
IMG_0570.JPG;jpg;1/100;9464/1000;500;40/10;;2;73;1;2012:07:02 20:06:20;Canon;1/3;Canon IXUS 117 HS
IMG_0571.JPG;jpg;1/125;10906/1000;500;40/10;;2;73;1;2012:07:02 20:10:39;Canon;1/3;Canon IXUS 117 HS
IMG_0572.JPG;jpg;1/100;5000/1000;160;28/10;;2;73;1;2012:07:02 20:11:05;Canon;1/3;Canon IXUS 117 HS
IMG_0573.JPG;jpg;1/60;5000/1000;500;28/10;;2;73;1;2012:07:02 21:38:46;Canon;1/3;Canon IXUS 117 HS
IMG_0577.JPG;jpg;1/400;5000/1000;250;28/10;;5;24;1;2012:07:03 20:05:10;Canon;0/3;Canon IXUS 117 HS
IMG_0578.JPG;jpg;1/500;5000/1000;250;28/10;;2;73;1;2012:07:03 20:05:38;Canon;1/3;Canon IXUS 117 HS
IMG_0579.JPG;jpg;1/400;5000/1000;200;28/10;;2;73;1;2012:07:03 20:06:50;Canon;1/3;Canon IXUS 117 HS
IMG_0581.JPG;jpg;1/500;5000/1000;250;28/10;;2;73;1;2012:07:03 20:07:50;Canon;1/3;Canon IXUS 117 HS
IMG_0584.JPG;jpg;1/400;5000/1000;500;28/10;;2;73;1;2012:07:03 20:11:13;Canon;1/3;Canon IXUS 117 HS
IMG_0585.JPG;jpg;1/320;5000/1000;500;28/10;;2;73;1;2012:07:03 20:11:23;Canon;1/3;Canon IXUS 117 HS
IMG_0586.JPG;jpg;1/250;5000/1000;500;28/10;;2;73;1;2012:07:03 20:11:37;Canon;1/3;Canon IXUS 117 HS
IMG_0588.JPG;jpg;1/1250;9464/1000;200;40/10;;5;24;1;2012:07:04 15:03:39;Canon;0/3;Canon IXUS 117 HS
IMG_0589.JPG;jpg;1/500;5000/1000;200;28/10;;5;24;1;2012:07:04 15:43:04;Canon;0/3;Canon IXUS 117 HS
IMG_0590.JPG;jpg;1/400;5000/1000;200;28/10;;5;24;1;2012:07:04 15:43:19;Canon;0/3;Canon IXUS 117 HS
IMG_0591.JPG;jpg;1/1250;5000/1000;200;28/10;;2;73;1;2012:07:04 17:08:40;Canon;1/3;Canon IXUS 117 HS
IMG_0593.JPG;jpg;1/400;5000/1000;125;28/10;;5;24;1;2012:07:04 17:55:59;Canon;0/3;Canon IXUS 117 HS
IMG_0594.JPG;jpg;1/1250;5000/1000;200;28/10;;5;24;1;2012:07:04 17:58:42;Canon;0/3;Canon IXUS 117 HS
IMG_0595.JPG;jpg;1/1000;5000/1000;400;28/10;;5;24;1;2012:07:04 19:18:12;Canon;0/3;Canon IXUS 117 HS
IMG_0596.JPG;jpg;1/800;5000/1000;400;28/10;;5;24;1;2012:07:04 19:18:29;Canon;0/3;Canon IXUS 117 HS
IMG_0597.JPG;jpg;1/1250;5000/1000;500;80/10;;2;73;1;2012:07:04 19:23:52;Canon;1/3;Canon IXUS 117 HS
IMG_0598.JPG;jpg;1/1500;10906/1000;250;40/10;;2;73;1;2012:07:04 19:24:01;Canon;1/3;Canon IXUS 117 HS
IMG_0600.JPG;jpg;1/250;9464/1000;500;40/10;;2;73;1;2012:07:04 19:24:49;Canon;1/3;Canon IXUS 117 HS
IMG_0601.JPG;jpg;1/500;10906/1000;250;40/10;;2;73;1;2012:07:04 19:25:12;Canon;1/3;Canon IXUS 117 HS
IMG_0603.JPG;jpg;1/800;5000/1000;500;80/10;;2;73;1;2012:07:04 19:25:41;Canon;1/3;Canon IXUS 117 HS
IMG_0605.JPG;jpg;1/1500;5000/1000;500;80/10;;2;73;1;2012:07:04 19:28:46;Canon;1/3;Canon IXUS 117 HS
IMG_0606.JPG;jpg;1/1000;10906/1000;500;110/10;;2;73;1;2012:07:04 19:28:56;Canon;1/3;Canon IXUS 117 HS
IMG_0607.JPG;jpg;1/640;12785/1000;500;45/10;;2;73;1;2012:07:04 19:53:26;Canon;1/3;Canon IXUS 117 HS
IMG_0608.JPG;jpg;1/60;5000/1000;500;28/10;;2;73;1;2012:07:04 20:33:34;Canon;1/3;Canon IXUS 117 HS
IMG_0610.JPG;jpg;1/60;5000/1000;500;28/10;;2;73;1;2012:07:04 20:35:10;Canon;1/3;Canon IXUS 117 HS
IMG_0612.JPG;jpg;1/60;5000/1000;500;28/10;;2;73;1;2012:07:04 20:36:17;Canon;1/3;Canon IXUS 117 HS
IMG_0613.JPG;jpg;1/60;5000/1000;500;28/10;;2;73;1;2012:07:04 20:38:14;Canon;1/3;Canon IXUS 117 HS
IMG_0614.JPG;jpg;1/60;5000/1000;500;28/10;;2;73;1;2012:07:04 20:41:09;Canon;1/3;Canon IXUS 117 HS
IMG_0618.JPG;jpg;1/15;5000/1000;400;28/10;;5;89;1;2012:07:04 20:47:33;Canon;0/3;Canon IXUS 117 HS
IMG_0626.JPG;jpg;1/60;5000/1000;500;28/10;;2;73;1;2012:07:04 21:48:48;Canon;6/3;Canon IXUS 117 HS
IMG_0631.JPG;jpg;1/1250;5000/1000;100;28/10;;5;24;1;2012:07:05 10:08:40;Canon;0/3;Canon IXUS 117 HS
IMG_0633.JPG;jpg;1/400;5000/1000;320;80/10;;5;24;1;2012:07:05 10:09:32;Canon;0/3;Canon IXUS 117 HS
IMG_0634.JPG;jpg;1/1250;5000/1000;160;28/10;;5;24;1;2012:07:05 10:09:44;Canon;0/3;Canon IXUS 117 HS
IMG_0647.JPG;jpg;1/320;5000/1000;125;80/10;;5;24;1;2012:07:06 10:23:38;Canon;0/3;Canon IXUS 117 HS
IMG_0648.JPG;jpg;1/400;5000/1000;100;80/10;;5;24;1;2012:07:06 10:26:16;Canon;0/3;Canon IXUS 117 HS
IMG_0650.JPG;jpg;1/400;6008/1000;250;90/10;;5;24;1;2012:07:06 10:28:30;Canon;0/3;Canon IXUS 117 HS
IMG_0651.JPG;jpg;1/400;6008/1000;320;90/10;;5;24;1;2012:07:06 10:29:47;Canon;0/3;Canon IXUS 117 HS
IMG_0653.JPG;jpg;1/400;6008/1000;200;90/10;;5;24;1;2012:07:06 10:32:29;Canon;0/3;Canon IXUS 117 HS
IMG_0654.JPG;jpg;1/200;6008/1000;100;90/10;;5;24;1;2012:07:06 10:32:40;Canon;0/3;Canon IXUS 117 HS
IMG_0658.JPG;jpg;1/1250;5000/1000;200;28/10;;2;73;1;2012:07:06 15:03:42;Canon;6/3;Canon IXUS 117 HS
IMG_0659.JPG;jpg;1/1250;5000/1000;200;28/10;;5;24;1;2012:07:06 15:03:57;Canon;0/3;Canon IXUS 117 HS
IMG_0661.JPG;jpg;1/250;5000/1000;160;80/10;;5;24;1;2012:07:06 15:04:59;Canon;0/3;Canon IXUS 117 HS
IMG_0662.JPG;jpg;1/200;5000/1000;160;80/10;;5;24;1;2012:07:06 15:07:07;Canon;0/3;Canon IXUS 117 HS
IMG_0663.JPG;jpg;1/1250;5000/1000;200;28/10;;5;24;1;2012:07:06 15:07:41;Canon;0/3;Canon IXUS 117 HS
IMG_0669.JPG;jpg;1/20;5000/1000;1600;28/10;;5;24;1;2012:07:06 18:49:33;Canon;0/3;Canon IXUS 117 HS
IMG_0671.JPG;jpg;1/10;5000/1000;1600;28/10;;5;24;1;2012:07:06 18:50:42;Canon;0/3;Canon IXUS 117 HS
IMG_0672.JPG;jpg;1/500;20000/1000;100;59/10;;5;24;1;2012:07:07 12:02:25;Canon;0/3;Canon IXUS 117 HS
IMG_0676.JPG;jpg;1/400;5000/1000;100;28/10;;5;24;1;2012:07:07 14:08:33;Canon;0/3;Canon IXUS 117 HS
IMG_0682.JPG;jpg;1/125;9464/1000;125;40/10;;5;24;1;2012:07:07 14:13:15;Canon;0/3;Canon IXUS 117 HS
IMG_0693.JPG;jpg;1/500;5000/1000;160;28/10;;5;24;1;2012:07:07 14:58:56;Canon;0/3;Canon IXUS 117 HS
IMG_0694.JPG;jpg;1/400;5000/1000;160;28/10;;5;24;1;2012:07:07 14:59:15;Canon;0/3;Canon IXUS 117 HS
IMG_0695.JPG;jpg;1/200;5000/1000;200;80/10;;5;24;1;2012:07:08 17:19:41;Canon;0/3;Canon IXUS 117 HS
IMG_0700.JPG;jpg;1/60;5000/1000;640;28/10;;5;24;1;2012:07:09 19:36:49;Canon;0/3;Canon IXUS 117 HS
IMG_0714.JPG;jpg;1/6;5000/1000;1600;28/10;;2;16;1;2012:07:12 18:19:12;Canon;6/3;Canon IXUS 117 HS
IMG_0715.JPG;jpg;1/15;5000/1000;400;28/10;;5;89;1;2012:07:12 18:19:37;Canon;0/3;Canon IXUS 117 HS
IMG_0716.JPG;jpg;1/20;5000/1000;400;28/10;;5;89;1;2012:07:12 20:02:25;Canon;0/3;Canon IXUS 117 HS
IMG_0729.JPG;jpg;1/1250;5000/1000;100;28/10;;5;24;1;2012:07:13 09:41:03;Canon;0/3;Canon IXUS 117 HS
IMG_0730.JPG;jpg;1/200;5000/1000;100;80/10;;5;24;1;2012:07:13 09:41:08;Canon;0/3;Canon IXUS 117 HS
IMG_0732.JPG;jpg;1/400;5000/1000;200;80/10;;5;24;1;2012:07:13 09:42:56;Canon;0/3;Canon IXUS 117 HS
IMG_0734.JPG;jpg;1/1000;5000/1000;100;28/10;;5;24;1;2012:07:13 09:43:40;Canon;0/3;Canon IXUS 117 HS
IMG_0736.JPG;jpg;1/250;5000/1000;200;80/10;;5;24;1;2012:07:14 10:04:19;Canon;0/3;Canon IXUS 117 HS
IMG_0737.JPG;jpg;1/1000;9464/1000;160;40/10;;5;24;1;2012:07:14 10:09:50;Canon;0/3;Canon IXUS 117 HS
IMG_0739.JPG;jpg;1/1250;5000/1000;100;28/10;;5;24;1;2012:07:14 10:13:33;Canon;0/3;Canon IXUS 117 HS
IMG_0740.JPG;jpg;1/1250;5000/1000;125;28/10;;5;24;1;2012:07:14 10:32:35;Canon;0/3;Canon IXUS 117 HS
IMG_0741.JPG;jpg;1/320;5000/1000;160;80/10;;5;24;1;2012:07:14 10:33:32;Canon;0/3;Canon IXUS 117 HS
IMG_0742.JPG;jpg;1/320;5000/1000;160;80/10;;5;24;1;2012:07:14 10:33:46;Canon;0/3;Canon IXUS 117 HS
IMG_0743.JPG;jpg;1/320;5000/1000;160;80/10;;5;24;1;2012:07:14 10:34:00;Canon;0/3;Canon IXUS 117 HS
IMG_0744.JPG;jpg;1/400;5000/1000;200;80/10;;5;24;1;2012:07:14 10:34:18;Canon;0/3;Canon IXUS 117 HS
IMG_0746.JPG;jpg;1/250;5000/1000;200;80/10;;5;24;1;2012:07:14 12:06:35;Canon;0/3;Canon IXUS 117 HS
IMG_0748.JPG;jpg;1/500;5000/1000;200;28/10;;5;24;1;2012:07:14 14:01:48;Canon;0/3;Canon IXUS 117 HS
IMG_0749.JPG;jpg;1/1250;5000/1000;400;28/10;;5;24;1;2012:07:14 14:01:53;Canon;0/3;Canon IXUS 117 HS
IMG_0752.JPG;jpg;1/800;5000/1000;320;28/10;;5;24;1;2012:07:14 14:02:33;Canon;0/3;Canon IXUS 117 HS
IMG_0757.JPG;jpg;1/800;5000/1000;100;28/10;;5;24;1;2012:07:14 14:06:09;Canon;0/3;Canon IXUS 117 HS
IMG_0759.JPG;jpg;1/1250;5000/1000;100;28/10;;5;24;1;2012:07:14 14:42:48;Canon;0/3;Canon IXUS 117 HS
IMG_0760.JPG;jpg;1/320;5000/1000;100;80/10;;5;24;1;2012:07:14 15:10:06;Canon;0/3;Canon IXUS 117 HS
IMG_0761.JPG;jpg;1/200;5000/1000;125;80/10;;5;24;1;2012:07:14 15:11:34;Canon;0/3;Canon IXUS 117 HS
IMG_0763.JPG;jpg;1/200;5000/1000;200;80/10;;5;24;1;2012:07:14 15:12:50;Canon;0/3;Canon IXUS 117 HS
IMG_0768.JPG;jpg;1/80;5000/1000;125;28/10;;5;24;1;2012:07:14 15:44:43;Canon;0/3;Canon IXUS 117 HS
IMG_0772.JPG;jpg;1/160;5000/1000;200;28/10;;5;24;1;2012:07:14 15:50:37;Canon;0/3;Canon IXUS 117 HS
IMG_0773.JPG;jpg;1/250;5000/1000;250;28/10;;5;24;1;2012:07:14 15:51:08;Canon;0/3;Canon IXUS 117 HS
IMG_0779.JPG;jpg;1/800;5000/1000;250;28/10;;5;24;1;2012:07:14 16:58:39;Canon;0/3;Canon IXUS 117 HS
IMG_0783.JPG;jpg;1/1000;5000/1000;125;28/10;;5;24;1;2012:07:14 17:03:44;Canon;0/3;Canon IXUS 117 HS
IMG_0784.JPG;jpg;1/1000;5000/1000;125;28/10;;5;24;1;2012:07:14 17:04:00;Canon;0/3;Canon IXUS 117 HS
IMG_0787.JPG;jpg;1/200;5000/1000;200;80/10;;5;24;1;2012:07:14 17:26:50;Canon;0/3;Canon IXUS 117 HS
IMG_0788.JPG;jpg;1/1000;5000/1000;125;28/10;;5;24;1;2012:07:14 17:27:22;Canon;0/3;Canon IXUS 117 HS
IMG_0789.JPG;jpg;1/125;5000/1000;250;28/10;;5;24;1;2012:07:14 17:28:16;Canon;0/3;Canon IXUS 117 HS
IMG_0790.JPG;jpg;1/1000;10906/1000;250;40/10;;5;24;1;2012:07:14 17:29:04;Canon;0/3;Canon IXUS 117 HS
IMG_0791.JPG;jpg;1/250;14955/1000;125;50/10;;5;24;1;2012:07:14 17:30:46;Canon;0/3;Canon IXUS 117 HS
IMG_0792.JPG;jpg;1/1250;5000/1000;125;28/10;;5;24;1;2012:07:14 17:31:48;Canon;0/3;Canon IXUS 117 HS
IMG_0798.JPG;jpg;1/60;5000/1000;250;28/10;;5;24;1;2012:07:15 18:49:56;Canon;0/3;Canon IXUS 117 HS
IMG_0799.JPG;jpg;1/60;5000/1000;200;28/10;;5;24;1;2012:07:15 18:50:02;Canon;0/3;Canon IXUS 117 HS
IMG_0800.JPG;jpg;1/60;5000/1000;250;28/10;;5;24;1;2012:07:15 18:51:02;Canon;0/3;Canon IXUS 117 HS
IMG_0801.JPG;jpg;1/160;5000/1000;200;28/10;;5;24;1;2012:07:15 18:51:31;Canon;0/3;Canon IXUS 117 HS
IMG_0803.JPG;jpg;1/60;5000/1000;160;28/10;;5;24;1;2012:07:15 19:21:40;Canon;0/3;Canon IXUS 117 HS
IMG_0804.JPG;jpg;1/60;5000/1000;200;28/10;;5;24;1;2012:07:15 19:22:07;Canon;0/3;Canon IXUS 117 HS
IMG_0805.JPG;jpg;1/60;5000/1000;160;28/10;;5;24;1;2012:07:15 19:22:11;Canon;0/3;Canon IXUS 117 HS
IMG_0806.JPG;jpg;1/60;5000/1000;125;28/10;;5;24;1;2012:07:15 19:23:06;Canon;0/3;Canon IXUS 117 HS
IMG_0807.JPG;jpg;1/25;5000/1000;400;28/10;;5;89;1;2012:07:15 20:30:58;Canon;0/3;Canon IXUS 117 HS
IMG_0808.JPG;jpg;1/60;5000/1000;800;28/10;;5;89;1;2012:07:16 20:49:08;Canon;0/3;Canon IXUS 117 HS
IMG_0809.JPG;jpg;1/15;5000/1000;400;28/10;;5;89;1;2012:07:16 20:49:45;Canon;0/3;Canon IXUS 117 HS
IMG_0813.JPG;jpg;1/15;5000/1000;400;28/10;;5;89;1;2012:07:16 21:12:38;Canon;0/3;Canon IXUS 117 HS
IMG_0817.JPG;jpg;1/20;5000/1000;400;28/10;;5;89;1;2012:07:17 19:41:00;Canon;0/3;Canon IXUS 117 HS
IMG_0818.JPG;jpg;1/60;5000/1000;640;28/10;;5;24;1;2012:07:17 19:41:43;Canon;0/3;Canon IXUS 117 HS
IMG_0819.JPG;jpg;1/60;5000/1000;400;28/10;;5;24;1;2012:07:17 19:42:48;Canon;0/3;Canon IXUS 117 HS
IMG_0820.JPG;jpg;1/60;5000/1000;400;28/10;;5;24;1;2012:07:17 19:43:09;Canon;0/3;Canon IXUS 117 HS
IMG_0822.JPG;jpg;1/60;5000/1000;160;28/10;;5;24;1;2012:07:17 19:44:42;Canon;0/3;Canon IXUS 117 HS
IMG_0823.JPG;jpg;1/80;7015/1000;400;32/10;;5;24;1;2012:07:17 19:45:18;Canon;0/3;Canon IXUS 117 HS
IMG_0824.JPG;jpg;1/60;6008/1000;320;32/10;;5;24;1;2012:07:17 19:45:35;Canon;0/3;Canon IXUS 117 HS
IMG_0826.JPG;jpg;1/15;5000/1000;400;28/10;;5;89;1;2012:07:18 01:14:06;Canon;0/3;Canon IXUS 117 HS
IMG_0827.JPG;jpg;1/15;5000/1000;400;28/10;;5;89;1;2012:07:18 01:24:26;Canon;0/3;Canon IXUS 117 HS
IMG_0838.JPG;jpg;1/60;5000/1000;640;28/10;;5;24;1;2012:07:18 01:48:11;Canon;0/3;Canon IXUS 117 HS
IMG_0842.JPG;jpg;1/200;5000/1000;200;80/10;;5;24;1;2012:07:18 11:46:36;Canon;0/3;Canon IXUS 117 HS
IMG_0843.JPG;jpg;1/1250;5000/1000;100;28/10;;5;24;1;2012:07:18 11:46:50;Canon;0/3;Canon IXUS 117 HS
IMG_0861.JPG;jpg;1/1000;8022/1000;100;35/10;;5;24;1;2012:07:19 11:56:03;Canon;0/3;Canon IXUS 117 HS
IMG_0862.JPG;jpg;1/1000;8022/1000;100;35/10;;5;24;1;2012:07:19 11:56:21;Canon;0/3;Canon IXUS 117 HS
IMG_0865.JPG;jpg;1/1250;5000/1000;100;28/10;;5;24;1;2012:07:19 12:01:25;Canon;0/3;Canon IXUS 117 HS
IMG_0866.JPG;jpg;1/1250;5000/1000;100;28/10;;5;24;1;2012:07:19 12:01:39;Canon;0/3;Canon IXUS 117 HS
IMG_0867.JPG;jpg;1/1250;5000/1000;100;28/10;;5;24;1;2012:07:19 12:01:57;Canon;0/3;Canon IXUS 117 HS
IMG_0868.JPG;jpg;1/1250;5000/1000;100;28/10;;5;24;1;2012:07:19 12:02:04;Canon;0/3;Canon IXUS 117 HS
IMG_0869.JPG;jpg;1/1250;5000/1000;100;28/10;;5;24;1;2012:07:19 12:02:10;Canon;0/3;Canon IXUS 117 HS
IMG_0870.JPG;jpg;1/1250;5000/1000;100;28/10;;5;24;1;2012:07:19 12:02:17;Canon;0/3;Canon IXUS 117 HS
IMG_0873.JPG;jpg;1/1250;5000/1000;100;28/10;;5;24;1;2012:07:19 12:05:46;Canon;0/3;Canon IXUS 117 HS
IMG_0874.JPG;jpg;1/320;5000/1000;160;80/10;;5;24;1;2012:07:19 12:06:06;Canon;0/3;Canon IXUS 117 HS
IMG_0875.JPG;jpg;1/1000;5000/1000;100;28/10;;5;24;1;2012:07:19 12:07:47;Canon;0/3;Canon IXUS 117 HS
IMG_0876.JPG;jpg;1/1250;5000/1000;100;28/10;;5;24;1;2012:07:19 12:07:50;Canon;0/3;Canon IXUS 117 HS
